<?xml version="1.0" encoding="utf-8" standalone="yes" ?>
<rss version="2.0" xmlns:atom="http://www.w3.org/2005/Atom">
  <channel>
    <title>Post_olds on Explainable Machine Learning</title>
    <link>http://replace-this-with-your-hugo-site.com/post_old/</link>
    <description>Recent content in Post_olds on Explainable Machine Learning</description>
    <generator>Hugo -- gohugo.io</generator>
    <language>en-us</language>
    <lastBuildDate>Wed, 17 Aug 2016 21:46:08 +0200</lastBuildDate>
    <atom:link href="http://replace-this-with-your-hugo-site.com/post_old/index.xml" rel="self" type="application/rss+xml" />
    
    <item>
      <title>Calculating a contour integral using WebGL</title>
      <link>http://replace-this-with-your-hugo-site.com/post_old/contour-integral-using-webgl/</link>
      <pubDate>Wed, 17 Aug 2016 21:46:08 +0200</pubDate>
      
      <guid>http://replace-this-with-your-hugo-site.com/post_old/contour-integral-using-webgl/</guid>
      <description>&lt;p&gt;So I wrote this a long time ago, and I just decided to publish it.&lt;/p&gt;

&lt;p&gt;It&amp;rsquo;s a neat demo of using the GPU, through WebGL, in order to calculate a curve integral.&lt;/p&gt;

&lt;p&gt;WebCL is not here, so here goes.&lt;/p&gt;
</description>
    </item>
    
  </channel>
</rss>